#
#	Emission temporal profiles for day in week.
#
# HISTORY
#
#   2005-11-30, Ferd Sauter
#	    reference: CORINAIR SNAP CODES 1997
#
#   2008-10-10, Arjo Segers
#     Added new lines for new category '75 Road_transport_brakewear';
#     values same as other road traffic profiles.
#																			
#   2011-11, Richard Kranenburg, Arjo Segers
#     Tiny adjustments to have average of 1.0:
#     month profiles, category 04: July    changed from 0.84 to 0.92
#     day profiles  , category 04: Sunday  changed from 1    to 0.88
#     hour profiles , category 10: hour 13 changed from 1.80 to 1.65
#
#   2012-01-13, Arjo Segers
#     Splitted in seperate csv files.
#     Use long snap codes (2 times 2 digits).
#     Added entry for category '34.00', same values as '03.00'.
#
#   2012-02-20, Carlijn Hendriks
#     Added SNAP1 split for EnerGEO scenarios (default time profiles).
#
#   2015-05-29, Astrid Manders added SNAP 8.01 International Shipping
#

SNAP1; category_name                               ; mon ; tue ; wed ; thu ; fri ; sat ; sun 

01.00; Power_generation                            ; 1.06; 1.06; 1.06; 1.06; 1.06; 0.85; 0.85
01.01; Power_plants_coal                           ; 1.06; 1.06; 1.06; 1.06; 1.06; 0.85; 0.85
01.02; Power_plants_oil                            ; 1.06; 1.06; 1.06; 1.06; 1.06; 0.85; 0.85
01.03; Power_plants_gas                            ; 1.06; 1.06; 1.06; 1.06; 1.06; 0.85; 0.85
01.04; Power_plants_biomass                        ; 1.06; 1.06; 1.06; 1.06; 1.06; 0.85; 0.85
01.05; Power_plants_other                          ; 1.06; 1.06; 1.06; 1.06; 1.06; 0.85; 0.85
01.06; Non_power_plants                            ; 1.06; 1.06; 1.06; 1.06; 1.06; 0.85; 0.85

02.00; Residential_commercial_and_other_combustion ; 1.08; 1.08; 1.08; 1.08; 1.08; 0.8 ; 0.8  

03.00; Industrial_combustion                       ; 1.08; 1.08; 1.08; 1.08; 1.08; 0.8 ; 0.8  
34.00; Industry                                    ; 1.08; 1.08; 1.08; 1.08; 1.08; 0.8 ; 0.8  

04.00; Industrial_processes                        ; 1.02; 1.02; 1.02; 1.02; 1.02; 1.02; 0.88

05.00; Extraction_distribution_of_fossil_fuels     ; 1   ; 1   ; 1   ; 1   ; 1   ; 1   ; 1   

06.00; Solvent_use                                 ; 1.2 ; 1.2 ; 1.2 ; 1.2 ; 1.2 ; 0.5 ; 0.5

07.00; Road_transport                              ; 1.02; 1.06; 1.08; 1.1 ; 1.14; 0.81; 0.79
07.01; Road_transport_gasoline                     ; 1.02; 1.06; 1.08; 1.1 ; 1.14; 0.81; 0.79
07.02; Road_transport_diesel                       ; 1.02; 1.06; 1.08; 1.1 ; 1.14; 0.81; 0.79
07.03; Road_transport_lpg                          ; 1.02; 1.06; 1.08; 1.1 ; 1.14; 0.81; 0.79
07.04; Road_transport_evaporation                  ; 1.02; 1.06; 1.08; 1.1 ; 1.14; 0.81; 0.79
07.05; Road_transport_brakewear                    ; 1.02; 1.06; 1.08; 1.1 ; 1.14; 0.81; 0.79

08.00; Other_mobile_sources                        ; 1   ; 1   ; 1   ; 1   ; 1   ; 1   ; 1
08.01; International_shipping                      ; 1   ; 1   ; 1   ; 1   ; 1   ; 1   ; 1

09.00; Waste_treatment_and_disposal                ; 1   ; 1   ; 1   ; 1   ; 1   ; 1   ; 1

10.00; Agriculture                                 ; 1   ; 1   ; 1   ; 1   ; 1   ; 1   ; 1
