# 
# TNO/CAMS emission inventory.
# Height distribution per source category.
# 
# Following Table 3 in:
#
#   J. Bieser, A. Aulinger, V. Matthias, M. Quante, H.A.C. Denier van der Gon,
#   Vertical emission profiles for Europe based on plume rise calculations,
#   Environmental Pollution, Volume 159, Issue 10, 2011, Pages 2935-2946,
#   doi:10.1016/j.envpol.2011.04.030
#
# The lowest layer over 0-92 m is split into a surface part for 0-20 m and remainder,
# to better facilitate simulation models that usually have a first layer of this thickness.
# Surface emissions are then for 100% assigned to this 0-20 m layer.
#
# The table shows height distributions as fractions (0-1) for the different layers.
# The header shows the top of the layer in m.
#
# History:
#   2018-03, Arjo Segers, TNO
#     Preliminary version created out of TNO/MACC-III inventory table.
#     Intended for upload to the CHE project wiki.
# 
SNAP1; category                                    ;   20.0;   92.0;   184.0;  324.0;  522.0;   781.0;  1106.0
01.00; public power stations                       ; 0.000; 0.000; 0.0025; 0.510; 0.453; 0.0325; 0.0020
02.00; comm. inst. combustion                      ; 1.000; 0.000; 0.000; 0.000; 0.000; 0.000; 0.000
34.00; industry                                    ; 0.060; 0.160; 0.750; 0.030; 0.000; 0.000; 0.000
05.00; extraction fossil fuel                      ; 0.020; 0.080; 0.600; 0.300; 0.000; 0.000; 0.000
06.00; solvents                                    ; 1.000; 0.000; 0.000; 0.000; 0.000; 0.000; 0.000
07.01; road transport gasoline                     ; 1.000; 0.000; 0.000; 0.000; 0.000; 0.000; 0.000
07.02; road transport diesel                       ; 1.000; 0.000; 0.000; 0.000; 0.000; 0.000; 0.000
07.03; road transport lpg                          ; 1.000; 0.000; 0.000; 0.000; 0.000; 0.000; 0.000
07.04; road transport evaporation                  ; 1.000; 0.000; 0.000; 0.000; 0.000; 0.000; 0.000
07.05; road transport brakewear                    ; 1.000; 0.000; 0.000; 0.000; 0.000; 0.000; 0.000
08.00; other mobile                                ; 1.000; 0.000; 0.000; 0.000; 0.000; 0.000; 0.000
09.00; waste                                       ; 0.000; 0.000; 0.410; 0.570; 0.020; 0.000; 0.000
10.00; agriculture                                 ; 1.000; 0.000; 0.000; 0.000; 0.000; 0.000; 0.000
